race,avg_p_positive,avg_p_negative,avg_p_ambivalent,avg_p_reciprocal,avg_p_difficult,avg_p_demanding
Asian,0.37706183415564426,0.14796616230258375,0.03445011576170886,0.07404968301279767,0.040995230836140505,0.017813131590977162
Black,0.3823068343973213,0.20499046099630114,0.03770209473840208,0.1295180597001828,0.04666891981063104,0.035447750095231094
Mixed,0.3877273761032548,0.1524850215206608,0.04284086812907265,0.08668917017780542,0.06525683927602152,0.02065375021928845
White,0.3882503363515149,0.17070289952510811,0.035364830215352354,0.09673501460929261,0.046610365406720165,0.021839070097733816
